Movie_Title,Year,Score,Adjusted_Score,Director,Cast,Synopsis,Cnsensus
Running Scared,1986,60,61.188,Peter Hyams,"Gregory Hines, Billy Crystal, Jimmy Smits, Steven Bauer"," Distinguished by a sharp, witty dialogue between its two cop protagonists, Ray and Danny (Gregory Hines and Billy Crystal), this...","Running Scared struggles to strike a consistent balance between violent action and humor, but the chemistry between its well-matched leads keeps things entertaining."
Equilibrium,2002,40,41.993,Kurt Wimmer,"Christian Bale, Emily Watson, Taye Diggs, Angus Macfadyen"," In the nation of Libria, there is always peace among men. The rules of the Librian system are simple. If...",Equilibrium is a reheated mishmash of other sci-fi movies.
Hero,2004,95,100.762,Zhang Yimou,"Jet Li, Tony Leung Chiu Wai, Maggie Cheung, Daoming Chen", Hero is two-time Academy Award nominee Zhang Yimou's directorial attempt at exploring the concept of a Chinese hero. During the...,"With death-defying action sequences and epic historic sweep, Hero offers everything a martial arts fan could ask for."
Road House,1989,39,41.995,Rowdy Herrington,"Patrick Swayze, Kelly Lynch, Sam Elliott, Ben Gazzara", Dalton (Swayze) is a true gentleman with a degree in philosophy from NYU. He also has a flip side -...,Whether Road House is simply bad or so bad it's good depends largely on the audience's fondness for Swayze -- and tolerance for violently cheesy action.
Unstoppable,2010,86,91.477,Tony Scott,"Denzel Washington, Chris Pine, Rosario Dawson, Ethan Suplee"," In this action thriller from director Tony Scott, rookie train operator Will (Chris Pine) and grizzled veteran engineer Frank (Denzel...","As fast, loud, and relentless as the train at the center of the story, Unstoppable is perfect popcorn entertainment -- and director Tony Scott's best movie in years."
Shaft,1971,88,92.029,Gordon Parks,"Richard Roundtree, Moses Gunn, Gwen Mitchell, Christopher St. John"," Shaft, a highly successful film, spawned an industry of sequels and imitations. The daughter (Sherri Brewer) of Bumpy Jones (Moses...","This is the man that would risk his neck for his brother, man. Can you dig it?"
The Villainess (Ak-Nyeo),2017,84,86.911,Jung Byung-gil,"Ok-bin Kim, Kim Seo-hyung, Shin Ha-kyun, Bang Sung-jun"," Since she was a little girl, Sook-hee was raised to be a deadly assassin. She gladly accepts the chance to...",The Villainess offers enough pure kinetic thrills to satisfy genre enthusiasts -- and carve out a bloody niche for itself in modern Korean action cinema.
Highlander,1986,69,71.938,Russell Mulcahy,"Christopher Lambert, Sean Connery, Roxanne Hart, Clancy Brown"," Among humans for centuries, an immortal specie existed. Connor MacLeod is a member of this specie. Unaware of his powers,...","People hate Highlander because it's cheesy, bombastic, and absurd. And people love it for the same reasons."
Die Hard 2,1990,68,72.296,Renny Harlin,"Bruce Willis, Bonnie Bedelia, William Atherton, Reginald VelJohnson"," ""Another basement, another elevator...how can the same thing happen to the same guy twice?"" asks John McClane (Bruce Willis), in...","It lacks the fresh thrills of its predecessor, but Die Hard 2 still works as an over-the-top -- and reasonably taut -- big-budget sequel, with plenty of set pieces to paper over the plot deficiencies."
National Treasure,2004,46,50.848,Jon Turteltaub,"Nicolas Cage, Diane Kruger, Justin Bartha, Sean Bean"," Benjamin Franklin Gates is a third generation treasure hunter. All his life, Gates has been searching for a treasure no...","National Treasure is no treasure, but it's a fun ride for those who can forgive its highly improbable plot."
The Protector (Tom yum goong) (Warrior King),2005,53,55.434,Prachya Pinkaew,"Tony Jaa, Petchtai Wongkamlao, Bongkoj Khongmalai, Bongkoo Kongmalai"," Kham's life is turned upside down when an international mafia syndicate, based in Australia, captures his two beloved elephants and...","Despite some impressive fight scenes, this trimmed-down version of the Thai action pic is an off-putting mix of scant plot, choppy editing, and confusing subtitles and dubbing."
Revenge,2018,92,97.073,Coralie Fargeat,"Matilda Anna Ingrid Lutz, Kevin Janssens, Vincent Colombe, Guillaume Bouchède"," Jen (fearlessly embodied by Matilda Lutz, Rings) is enjoying a romantic getaway with her wealthy boyfriend which is suddenly disrupted...","Revenge slices and dices genre tropes, working within an exploitation framework while adding a timely -- yet never less than viscerally thrilling -- feminist spin."
El Mariachi,1993,93,94.588,Robert Rodriguez,"Carlos Gallardo, Consuelo Gómez, Reinol Martinez, Peter Marquardt"," Filmed in two weeks on a budget of 7,000 dollars, El Mariachi was one of the singular pleasures of the...","Made on a shoestring budget, El Mariachi's story is not new. However, the movie has so much energy that it's thoroughly enjoyable."
A Touch of Zen,1969,96,98.516,King Hu,"Feng Hsu, Chun Shih, Pai Ying, Tien Peng"," According to this drama, set in 14th-century China, a state-run secret police organization made life a living hell for anyone...","A brilliantly directed feast for the eyes with an epic story to match, A Touch of Zen marks a groundbreaking achievement in the wuxia genre."
Top Gun,1986,54,59.126,Tony Scott,"Tom Cruise, Kelly McGillis, Anthony Edwards, Val Kilmer", Devil-may-care navy pilot Pete Mitchell (Tom Cruise) is sent to Miramar Naval Air Station for advanced training. Here he vies...,"Though it features some of the most memorable and electrifying aereial footage shot with an expert eye for action, Top Gun offers too little for non-adolescent viewers to chew on when its characters aren't in the air."
Con Air,1997,55,58.685,Simon West,"Nicolas Cage, John Cusack, John Malkovich, Steve Buscemi", Former war hero Cameron Poe (Nicolas Cage) is sentenced to eight years in prison when he accidentally kills a man...,"Con Air won't win any awards for believability - and all involved seem cheerfully aware of it, making some of this blockbuster action outing's biggest flaws fairly easy to forgive."
The Expendables 2,2012,68,72.3,Simon West,"Sylvester Stallone, Jason Statham, Jet Li, Dolph Lundgren"," The Expendables are back and this time it's personal... Barney Ross (Sylvester Stallone), Lee Christmas (Jason Statham), Yin Yang (Jet...","Taut, violent, and suitably self-deprecating, The Expendables 2 gives classic action fans everything they can reasonably expect from a star-studded shoot-'em-up -- for better and for worse."
The Mummy,1999,60,63.981,Stephen Sommers,"Brendan Fraser, Rachel Weisz, John Hannah, Arnold Vosloo"," Loosely adapted from the classic 1932 horror film starring Boris Karloff, The Mummy is set in Egypt, where over 3,000...","It's difficult to make a persuasive argument for The Mummy as any kind of meaningful cinematic achievement, but it's undeniably fun to watch."
Mr. & Mrs. Smith,2005,60,67.127,Doug Liman,"Brad Pitt, Angelina Jolie, Vince Vaughn, Adam Brody"," John and Jane Smith are an ordinary suburban couple with an ordinary, lifeless suburban marriage. But each of them has...","Although this action-romance suffers from weak writing and one too many explosions, the chemistry generated by onscreen couple Pitt and Jolie is palpable enough to make this a thoroughly enjoyable summer action flick."
Rush Hour,1998,60,63.723,Brett Ratner,"Jackie Chan, Chris Tucker, Elizabeth Peña, Tom Wilkinson", Brett Ratner directed this action-comedy that found box-office success by teaming Chris Tucker with Jackie Chan -- performing his own...,A kick-ass addition to the cop-buddy film genre.
The Equalizer,2014,59,66.568,Antoine Fuqua,"Denzel Washington, Marton Csokas, Chloë Grace Moretz , David Harbour"," In The Equalizer, Denzel Washington plays McCall, a man who believes he has put his mysterious past behind him and...","The Equalizer is more stylishly violent than meaningful, but with Antoine Fuqua behind the cameras and Denzel Washington dispensing justice, it delivers."
Captain America: Civil War,2016,91,107.341,"Anthony Russo, Joe Russo","Chris Evans, Robert Downey Jr., Scarlett Johansson, Sebastian Stan"," Marvel's ""Captain America: Civil War"" finds Steve Rogers leading the newly formed team of Avengers in their continued efforts to...",Captain America: Civil War begins the next wave of Marvel movies with an action-packed superhero blockbuster boasting a decidedly non-cartoonish plot and the courage to explore thought-provoking themes.
Air Force One,1997,76,78.965,Wolfgang Petersen,"Gary Oldman, Harrison Ford, Glenn Close, Wendy Crewson"," In this action drama, Harrison Ford plays James Marshall, a onetime combat hero in the Vietnam War who is now...","This late-period Harrison Ford actioner is full of palpable, if not entirely seamless, thrills."
Bloodsport,1988,40,41.235,"Newt Arnold, Newton Arnold","Jean-Claude Van Damme, Leah Ayres, Donald Gibb, Norman Burton"," U.S. soldier Frank Dux (Jean-Claude Van Damme) has come to Hong Kong to be accepted into the Kumite, a highly...","This is where it all began for the Muscles from Brussels, but beyond Van Damme's athleticism, Bloodsport is a cliched, virtually plotless exercise in action movie recycling."
Blade,1998,55,60.599,Stephen Norrington,"Wesley Snipes, Stephen Dorff, Kris Kristofferson, N'Bushe Wright", British director Stephen Norrington helmed this David S. Goyer adaptation of the Marvel Comics character created in 1973 by scripter...,"Though some may find the plot a bit lacking, Blade's action is fierce, plentiful, and appropriately stylish for a comic book adaptation."
Bad Boys,1995,43,46.861,Michael Bay,"Martin Lawrence, Will Smith, Téa Leoni, Tcheky Karyo"," Former video director Michael Bay had his first big hit with this action comedy, which also returned producers Jerry Bruckheimer...","Bad Boys stars Will Smith and Martin Lawrence have enjoyable chemistry; unfortunately, director Michael Bay too often drowns it out with set pieces and explosions in place of an actual story."
Die Hard: With a Vengeance,1995,52,55.784,John McTiernan,"Bruce Willis, Jeremy Irons, Samuel L. Jackson, Graham Greene (II)", Bruce Willis returns as misfit cop John McClane in the third film in the Die Hard series. McClane has fallen...,"Die Hard with a Vengeance benefits from Bruce Willis and Samuel L. Jackson's barbed interplay, but clatters to a bombastic finish in a vain effort to cover for an overall lack of fresh ideas."
The Running Man,1987,63,65.931,Paul Michael Glaser,"Arnold Schwarzenegger, Maria Conchita Alonso, Yaphet Kotto, Richard Dawson", An unjustly accused prisoner in 2019 is given a slim chance at freedom if he enters a battle-to-the-death on a...,The Running Man is winking sci-fi satire with ridiculous clothes and workmanlike direction.
Code of Silence,1985,63,63.696,Andrew Davis,"Chuck Norris, Henry Silva, Bert Remsen, Mike Genovese"," Not to be confused with the 1960 film of the same name, this fast-paced karate action flick stars Chuck Norris,...",No consensus yet.
Shoot 'Em Up,2007,67,72.115,Michael Davis,"Clive Owen, Paul Giamatti, Monica Bellucci, Stephen McHattie", A mysterious man delivers a baby during a shootout and is entrusted with protecting the child from criminals out to...,"As preposterous and over-the-top as Shoot 'Em Up may be, its humor and non-stop action make for a very enjoyable film."
Crank,2006,61,63.637,"Mark Neveldine, Brian Taylor","Jason Statham, Amy Smart, Efren Ramirez, Jose Pablo Cantillo", A one-time freelance hitman who was just attempting to turn his life around is forced to keep his heart pumping...,"Crank's assaultive style and gleeful depravity may turn off casual action fans, but audiences seeking a strong dose of adrenaline will be thrilled by Jason Statham's raucous race against mortality."
Machete,2010,72,77.443,"Ethan Maniquis, Robert Rodriguez","Danny Trejo, Robert De Niro, Jessica Alba, Cheech Marin", A blade-wielding ex-federale hides out as a day laborer when he is double-crossed by a corrupt senator. ...,"Machete is messy, violent, shallow, and tasteless -- and that's precisely the point of one of the summer's most cartoonishly enjoyable films."
Drive,2011,92,100.122,Nicolas Winding Refn,"Ryan Gosling, Carey Mulligan, Albert Brooks, Bryan Cranston"," Ryan Gosling stars as a Los Angeles wheelman for hire, stunt driving for movie productions by day and steering getaway...","With its hyper-stylized blend of violence, music, and striking imagery, Drive represents a fully realized vision of arthouse action."
Batman,1989,72,77.719,Tim Burton,"Michael Keaton, Jack Nicholson, Kim Basinger, Robert Wuhl"," Jack Nicholson is the Joker, who emerged from a horrible accident as a maniacal criminal. Michael Keaton is the Caped...","An eerie, haunting spectacle, Batman succeeds as dark entertainment, even if Jack Nicholson's Joker too often overshadows the title character."
Under Siege,1992,79,80.433,Andrew Davis,"Steven Seagal, Tommy Lee Jones, Gary Busey, Erika Eleniak"," Andrew Davis directed this exciting thriller starring Steven Seagal, sans ponytail, and featuring electric, over-the-top performances by Gary Busey and...","A well-directed action thriller that makes the most of its confined setting, Under Siege marks a high point for early '90s action -- and its star's spotty filmography."
Independence Day,1996,65,68.813,Roland Emmerich,"Will Smith, Bill Pullman, Jeff Goldblum, Mary McDonnell", A group of intrepid humans attempts to save the Earth from vicious extraterrestrials in this extremely popular science-fiction adventure. Borrowing...,"The plot is thin and so is character development, but as a thrilling, spectacle-filled summer movie, Independence Day delivers."
Bullitt,1968,97,100.515,Peter Yates,"Steve McQueen, Robert Vaughn, Jacqueline Bisset, Don Gordon", Robert L. Pike's crime novel Mute Witness makes the transition to the big screen in this film from director Peter...,Steve McQueen is cool as ice in this thrilling police procedural that also happens to contain arguably the greatest movie car chase ever.
Wanted,2008,71,78.621,Timur Bekmambetov,"James McAvoy, Morgan Freeman, Angelina Jolie, Terence Stamp"," Wesley's (James McAvoy) life is over - his pathetic old one, anyway... Fortunately, it is all because of a girl....","Wanted is stylish, energetic popcorn fare with witty performances from Angelina Jolie (playing an expert assassin), James McAvoy, and Morgan Freeman that help to distract from its absurdly over-the-top plot."
Superman,1978,94,101.296,Richard Donner,"Marlon Brando, Christopher Reeve, Gene Hackman, Ned Beatty"," Christopher Reeve as the Man of Steel in a big-budget epic with Oscar-winning effects. Marlon Brando, Margot Kidder, Gene Hackman,...","Superman deftly blends humor and gravitas, taking advantage of the perfectly cast Christopher Reeve to craft a loving, nostalgic tribute to an American pop culture icon."
Ronin,1998,68,71.205,John Frankenheimer,"Robert De Niro, Jean Reno, Natascha McElhone, Stellan Skarsgard"," When an international team of former intelligence agents and Cold War warriors meet in a warehouse, their adventure of love,...","Ronin earns comparisons to The French Connection with strong action, dynamic road chase scenes, and solid performances."
They Live,1988,86,90.631,John Carpenter,"Roddy Piper, Keith David, Meg Foster, Peter Jason", A homeless drifter discovers a reason for the ever-widening gap between the rich and the poor: a conspiracy by non-human...,"A politically subversive blend of horror and sci fi, They Live is an underrated genre film from John Carpenter."
Cliffhanger,1993,68,71.899,,, Producer Neal H. Moritz and writer Joe Gazzam team with Studio Canal for this remake of the 1993 mountain-climbing adventure...,"While it can't escape comparisons to the movies it borrows from, Cliffhanger is a tense, action-packed thriller and a showcase for the talents that made Sylvester Stallone a star."
Marvel's The Avengers,2012,92,105.431,,," Marvel Studios presents Marvel's The Avengers-the Super Hero team up of a lifetime, featuring iconic Marvel Super Heroes Iron Man,...","Thanks to a script that emphasizes its heroes' humanity and a wealth of superpowered set pieces, The Avengers lives up to its hype and raises the bar for Marvel at the movies."
Hot Fuzz,2007,91,97.71,Edgar Wright,"Simon Pegg, Nick Frost, Jim Broadbent, Steve Coogan", A top London cop who is so good at his job that he makes his fellow officers look like slackers...,The brilliant minds behind Shaun of the Dead successfully take a shot at the buddy cop genre with Hot Fuzz. The result is a bitingly satiric and hugely entertaining parody.
The Warriors,1979,89,91.957,Walter Hill,"Michael Beck, James Remar, Thomas G. Waites, Dorsey Wright"," Walter Hill's hip, super-stylized action film unfurls in a dystopian near-future, when various gangs control New York City. Each gang...","As violent as it is stylish, The Warriors is a thrilling piece of pulp filmmaking."
Starship Troopers,1997,63,66.541,Paul Verhoeven,"Casper Van Dien, Dina Meyer, Denise Richards, Jake Busey"," Paul Verhoeven has fashioned a visually spectacular, morbidly funny comic book adventure that seems to merge the fresh-faced youths of...",A fun movie...if you can accept the excessive gore and wooden acting.
Elite Squad: The Enemy Within,2011,93,93.573,José Padilha,"Wagner Moura, André Mattos, Sandro Rocha, Maria Ribeiro"," The sprawling slum that towers over Rio de Janeiro is one of the most dangerous places on Earth, and as...","Elite Squad: The Enemy Within is a bleak, violent descent into the Brazilian underbelly, ripping into the favelas with unstoppable and kinetic force."
Point Break,1991,69,73.214,Kathryn Bigelow,"Keanu Reeves, Patrick Swayze, Gary Busey, Lori Petty", Kathryn Bigelow's fourth action film follows FBI agent Johnny Utah (Keanu Reeves) as he goes undercover to infiltrate a cache...,"Absurd, over-the-top, and often wildly entertaining, Point Break is here to show you that the human spirit is still alive."
The Long Kiss Goodnight,1996,69,71.661,Renny Harlin,"Geena Davis, Samuel L. Jackson, Patrick Malahide, Craig Bierko", The comfortably drab life of a working mom becomes a nightmare when she finds herself pursued by an assassin who...,"Smart, sharp-witted, and fueled by enjoyably over-the-top action, The Long Kiss Goodnight makes up in impact what it lacks in consistent aim."
The Guest,2014,91,94.933,Adam Wingard,"Dan Stevens, Leland Orser, Lance Reddick, Sheila Kelley"," From the director of YOU'RE NEXT and featuring a standout, badass performance from Dan Stevens (""Downton Abbey""), comes THE GUEST:...","Boasting enough intelligence to bolster its darkly violent thrills, The Guest offers another treat for genre fans from director Adam Wingard."
Taken,2009,58,63.263,Pierre Morel,"Liam Neeson, Maggie Grace, Famke Janssen, Xander Berkeley", An ex-soldier (Liam Neeson) traveling through Europe embarks on a frantic quest to rescue his daughter (Maggie Grace) after the...,"Taken is undeniably fun with slick action, but is largely a brainless exercise."
300,2007,60,67.812,Zack Snyder,"Gerard Butler, Lena Headey, David Wenham, Rodrigo Santoro", Sin City author Frank Miller's sweeping take on the historic Battle of Thermopylae comes to the screen courtesy of Dawn...,"A simple-minded but visually exciting experience, full of blood, violence, and ready-made movie quotes."
True Lies,1994,70,72.843,"James Cameron, Tony Scott","Arnold Schwarzenegger, Jamie Lee Curtis, Tom Arnold, Bill Paxton"," Borrowing liberally from the French film La Totale, this is an action picture, domestic comedy, and political thriller rolled into...","If it doesn't reach the heights of director James Cameron's and star Arnold Schwarzenegger's previous collaborations, True Lies still packs enough action and humor into its sometimes absurd plot to entertain."
Demolition Man,1993,62,64.605,Marco Brambilla,"Sylvester Stallone, Wesley Snipes, Sandra Bullock, Nigel Hawthorne"," The plot of this action film begins in 1996, with Los Angeles in a violence-crazed conflagration. One of the LAPD's...","A better-than-average sci-fi shoot-em-up with a satirical undercurrent, Demolition Man is bolstered by strong performances by Sylvester Stallone, Wesley Snipes, and Sandra Bullock."
Hardcore Henry,2016,51,56.151,Ilya Naishuller,"Sharlto Copley, Danila Kozlovsky, Haley Bennett, Tim Roth", Strap in. Hardcore Henry is one of the most unflinchingly original wild-rides to hit the big screen in a long...,"Hardcore Henry seems poised to reinvent the action flick, but without a story or characters worth caring about, its first-person gimmick quickly loses its thrill."
Police Story (Ging chaat goo si) (Police Force),1985,93,94.41,Jackie Chan,"Jackie Chan, Brigitte Lin, Maggie Cheung, Cho Yuen"," This was internationally famous Jackie Chan's breakthrough action film, the work that got him past the ethnic boundaries of Hong...","Blending brilliant physical comedy with thrillingly choreographed set pieces, Police Story makes a persuasive case for Jackie Chan as one of the all-time genre greats."
Brotherhood of the Wolf,2001,73,76.65,Christophe Gans,"Samuel Le Bihan, Vincent Cassel, Émilie Dequenne, Monica Bellucci"," French legend has it that a creature known as the Beast of Gevaudan -- a huge, wolf-like monster -- was...","Brotherhood of the Wolf mixes its genres with little logic, but the end result is wildly entertaining."
Kingsman: The Secret Service,2015,74,83.679,Matthew Vaughn,"Taron Egerton, Colin Firth, Mark Hamill, Samuel L. Jackson"," Based upon the acclaimed comic book and directed by Matthew Vaughn (Kick Ass, X-Men First Class), Kingsman: The Secret Service...","Stylish, subversive, and above all fun, Kingsman: The Secret Service finds director Matthew Vaughn sending up the spy genre with gleeful abandon."
The Fifth Element,1997,71,74.685,Luc Besson,"Bruce Willis, Ian Holm, Gary Oldman, Chris Tucker", Good and evil battle for the future of 23rd century Earth in this visually striking big-budget science fiction epic. In...,"Visually inventive and gleefully over the top, Luc Besson's The Fifth Element is a fantastic piece of pop sci-fi that never takes itself too seriously."
Big Trouble in Little China,1986,77,80.813,John Carpenter,"Kurt Russell, Kim Cattrall, Dennis Dun, James Hong"," Playing in a manner that can be conservatively described as larger than life, Kurt Russell plays a macho truck driver...","Brimming with energy and packed with humor, Big Trouble in Little China distills kung fu B-movies as affectionately as it subverts them."
Atomic Blonde,2017,78,92.966,David Leitch,"Charlize Theron, James McAvoy, John Goodman, Til Schweiger"," A high-stakes, global action-thriller that takes place in the city of Berlin, on the eve of the Wall's collapse and...",Atomic Blonde gets enough mileage out of its stylish action sequences -- and ever-magnetic star -- to make up for a narrative that's somewhat less hard-hitting than its protagonist.
Rumble in the Bronx,1995,80,83.244,"Stanley Tong, Tong Kwei Lai","Jackie Chan, Anita Mui, Francoise Yip, Bill Tung"," After years as a major star in most of the rest of the world, Jackie Chan finally broke through to...",An entertaining Jackie Chan stunt-fest in which the impressive action sequences overcome the low production value and by-the-numbers plot.
District B13 (Banlieue 13),2006,80,83.449,Pierre Morel,"Cyril Raffaelli, David Belle, Tony D'Amario, Bibi Naceri"," A nuclear weapon has been stolen by the most powerful gang in Paris' treacherous, walled-in ghetto, and it's up to...","A nonstop thrill ride, District B13's dizzying action sequences more than make up for any expository flaws."
Beverly Hills Cop,1984,82,85.647,Martin Brest,"Eddie Murphy, Judge Reinhold, John Ashton, Lisa Eilbacher", What's that wisecracking young black guy (Eddie Murphy) in that beat-up Chevy Nova doing in lily-white Beverly Hills? He's Axel...,"The buddy cop movie continues its evolution unabated with this Eddie Murphy vehicle that's fast, furious, and funny."
Ong-Bak (Ong Bak: Muay Thai Warrior),2005,85,88.121,Prachya Pinkaew,"Tony Jaa, Petchtai Wongkamlao, Petchthai Wongkamlao, Pumwaree Yodkamol", Exhilarating fight sequences highlight this action-packed martial-arts adventure about an orphan (Tony Jaa) who embarks on a quest to recover...,"While Ong-Bak: The Thai Warrior may be no great shakes as a movie, critics are hailing the emergence of a new star in Tony Jaa, whose athletic performance is drawing comparisons with Bruce Lee, Jackie Chan, and Jet Li."
Collateral,2004,86,92.645,Michael Mann,"Tom Cruise, Jamie Foxx, Mark Ruffalo, Jada Pinkett Smith", A taxi driver is unexpectedly taken on the ride of his life in this stylish thriller from acclaimed director Michael...,"Driven by director Michael Mann's trademark visuals and a lean, villainous performance from Tom Cruise, Collateral is a stylish and compelling noir thriller."
Iron Monkey,2001,91,93.651,Woo-ping Yuen,"Rongguang Yu, Donnie Yen, Jean Wang, Tsang Sze-Man", This kung fu classic weaving fact and myth earned a theatrical release in the U.S. from Miramax eight years after...,"Iron Monkey may not have the poetic lyricism of Crouching Tiger, it makes up for it in fun and energy."
Escape from New York,1981,86,90.941,John Carpenter,"Kurt Russell, Lee Van Cleef, Ernest Borgnine, Donald Pleasence", It's 1997 and Manhattan has been turned into a maximum security prison. When the United States president crash lands into...,"Featuring an atmospherically grimy futuristic metropolis, Escape from New York is a strange, entertaining jumble of thrilling action and oddball weirdness."
Battle Royale,2000,87,87.976,Kinji Fukasaku,"Aki Maeda, Ai Iwamura, Chiaki Kuriyama, Tatsuya Fujiwara"," A long-unavailable underground hit that anticipated The Hunger Games novels by eight years, veteran director Fukasaku's epically violent, still-controversial and...","Battle Royale is a controversial and violent parable of adolescence, heightening teenage melodrama with life-or-death stakes."
Spider-Man 2,2004,93,100.886,Sam Raimi,"Tobey Maguire, Kirsten Dunst, James Franco, Alfred Molina", Stan Lee's all-too-human superhero returns to the screen in this highly anticipated sequel to 2002's blockbuster hit Spider-Man. Peter Parker...,"Boasting an entertaining villain and deeper emotional focus, this is a nimble sequel that improves upon the original."
13 Assassins,2011,95,98.509,Takashi Miike,"Koji Yakusho, Takayuki Yamada, Yusuke Iseya, Goro Inagaki"," Cult director Takeshi Miike (Ichi the Killer, Audition) delivers a bravado period action film set at the end of Japan's...","Takashi Miike's electric remake of Eiichi Kudo's 1963 period action film is a wild spectacle executed with killer, dizzying panache."
Full Contact,1992,88,61.183,Ringo Lam,"Yun-Fat Chow, Simon Yam, Ann Bridgewater, Anthony Wong"," Another entry into the ""cheer for the most likeable bad guy"" series of Hong Kong action flicks, Full Contact tells...",No consensus yet.
Indiana Jones and the Last Crusade,1989,88,93.265,Steven Spielberg,"Harrison Ford, Sean Connery, Alison Doody, Denholm Elliott"," The third installment in the Spielberg/Lucas Indiana Jones saga, Indiana Jones and the Last Crusade evokes many of the thrills...","Lighter and more comedic than its predecessor, Indiana Jones and the Last Crusade returns the series to the brisk serial adventure of Raiders, while adding a dynamite double act between Harrison Ford and Sean Connery."
Kung Fu Hustle,2005,90,96.173,Stephen Chow,"Stephen Chow, Wah Yuen, Shengyi Huang, Kwok-Kwan Chan"," The work of international superstar Stephen Chow, Kung Fu Hustle is a humorous, special-effects-filled, action-packed martial arts epic set in...","Kung Fu Hustle blends special effects, martial arts, and the Looney Toons to hilarious effect."
A Better Tomorrow,2010,93,44.149,Hae-sung Song,"Yun-Fat Chow, Leslie Cheung, Lung Ti, Young Pao I"," John Woo established himself as one of Hong Kong's premiere action directors with this ultra-hip, ultra-violent action classic. The film...",No consensus yet.
Iron Man,2008,94,104.691,,"Robert Downey Jr., Terrence Howard, Jeff Bridges, Gwyneth Paltrow"," Billionaire industrialist and genius inventor Tony Stark is kidnapped and forced to build a devastating weapon. Instead, using his intelligence...","Powered by Robert Downey Jr.'s vibrant charm, Iron Man turbo-charges the superhero genre with a deft intelligence and infectious sense of fun."
The Night Comes For Us,2018,90,90.412,Timo Tjahjanto,"Joe Taslim, Iko Uwais, Julie Estelle, Sunny Pang"," The Night Comes For Us follows Ito (played by Joe Taslim), a former triad enforcer, and his mission to protect...","A bloody thrill ride designed to test the limits of more squeamish viewers, The Night Comes for Us wields a stylishly violent, action-packed punch."
Logan,2017,93,110.634,James Mangold,"Hugh Jackman, Patrick Stewart, Boyd Holbrook, Stephen Merchant"," It's 2029. Mutants are gone--or very nearly so. An isolated, despondent Logan is drinking his days away in a hideout...","Hugh Jackman makes the most of his final outing as Wolverine with a gritty, nuanced performance in a violent but surprisingly thoughtful superhero action film that defies genre conventions."
Goldfinger,1964,98,104.218,Guy Hamilton,"Sean Connery, Gert Fröbe, Honor Blackman, Shirley Eaton"," To many, the quintessential Bond film and a brilliant third entry in the series. Here Bond gets his Aston Martin,...","Goldfinger is where James Bond as we know him comes into focus - it features one of 007's most famous lines (""A martini. Shaken, not stirred"") and a wide range of gadgets that would become the series' trademark."
Assault on Precinct 13,1976,98,102.296,John Carpenter,"Austin Stoker, Darwin Joston, Gilbert De la Pena, Laurie Zimmer"," Cops, secretaries, and prisoners stuck in a soon-to-be-shuttered L.A. police station fight off a horde of murderous gang members in...","Lean, taut and compellingly gritty, John Carpenter's loose update of Rio Bravo ranks as a cult action classic and one of the filmmaker's best."
Wonder Woman,2017,93,112.475,Patty Jenkins,"Gal Gadot, Chris Pine, Connie Nielsen, Robin Wright", An Amazon princess (Gal Gadot) finds her idyllic life on an island occupied only by female warriors interrupted when a...,"Thrilling, earnest, and buoyed by Gal Gadot's charismatic performance, Wonder Woman succeeds in spectacular fashion."
Fist of Fury (Jing wu men),1972,92,92.809,Lo Wei,"Bruce Lee, Miao Ker Hsiu, James Tien, Robert Baker", Bruce Lee stars as a martial arts expert who vows vengeance when his kung fu master is murdered. He discovers...,No consensus yet.
Captain America: The Winter Soldier,2014,90,101.765,"Joe Russo, Anthony Russo","Chris Evans, Samuel L. Jackson, Scarlett Johansson, Anthony Mackie"," After being deemed unfit for military service, Steve Rogers volunteers for a top secret research project that turns him into...","Suspenseful and politically astute, Captain America: The Winter Soldier is a superior entry in the Avengers canon and is sure to thrill Marvel diehards."
Oldboy,2005,82,86.608,Park Chan-wook,"Choi Min-sik, Gang Hye-jeong, Yoo Ji-tae, Gang Hye-jung", South Korean filmmaker Park Chan-wook directed this violent and offbeat story of punishment and vengeance. Oh Dae-su (Choi Min-sik) is...,"Violent and definitely not for the squeamish, Park Chan-Wook's visceral Oldboy is a strange, powerful tale of revenge."
The French Connection,1971,98,104.292,William Friedkin,"Gene Hackman, Fernando Rey, Roy Scheider, Marcel Bozzuffi"," This gritty, fast-paced, and innovative police drama earned five Academy Awards, including Best Picture, Best Adapted Screenplay (written by Ernest...","Realistic, fast-paced and uncommonly smart, The French Connection is bolstered by stellar performances by Gene Hackman and Roy Scheider, not to mention William Friedkin's thrilling production."
Furious 7,2015,81,91.225,James Wan,"Vin Diesel, Paul Walker, Jason Statham, Dwayne Johnson"," Continuing the global exploits in the unstoppable franchise built on speed, Vin Diesel, Paul Walker and Dwayne Johnson lead the...","Serving up a fresh round of over-the-top thrills while adding unexpected dramatic heft, Furious 7 keeps the franchise moving in more ways than one."
La Femme Nikita (Nikita),1990,88,90.531,Luc Besson,"Tcheky Karyo, Anne Parillaud, Jeanne Moreau, Jean Reno"," The serpentine plotline of Luc Besson's La Femme Nikita begins its 117-minute slither when punkish, psychotic, and drug-ridden Nikita (Anne...",A zany out-of-control thriller that gives lead Anne Parillaud a big character arc and plenty of emotional room to work within.
Supercop,1996,96,98.254,Stanley Tong,"Jackie Chan, Maggie Cheung, Kenneth Tsang Kong, Wah Yuen", A Hong Kong detective fights to stop a Chinese drug czar....,"Blending hand-to-hand combat with breathtaking stunts and slapstick comedy, Supercop reminds us why Jackie Chan is one of the world's great entertainers."
Dirty Harry,1971,89,93.658,Don Siegel,"Clint Eastwood, Andrew Robinson, Harry Guardino, John Mitchum"," ""You've got to ask yourself a question: 'do I feel lucky?' Well, do ya, punk?"" Dirty Harry provoked a critical...","As tough and taciturn as its no-nonsense hero, Dirty Harry delivers a deceptively layered message without sacrificing an ounce of its solid action impact."
Live Die Repeat: Edge of Tomorrow,2014,90,102.588,Doug Liman,"Tom Cruise, Emily Blunt, Bill Paxton, Jonas Armstrong"," The epic action of ""Edge of Tomorrow"" unfolds in a near future in which an alien race has hit the...","Gripping, well-acted, funny, and clever, Edge of Tomorrow offers entertaining proof that Tom Cruise is still more than capable of shouldering the weight of a blockbuster action thriller."
X2: X-Men United,2003,85,92.174,Bryan Singer,"Hugh Jackman, Ian McKellen, Halle Berry, Famke Janssen"," When a failed assassination attempt occurs on the President's (Cotter Smith) life by the teleporting mutant Nightcrawler (Alan Cumming), it's...","Tightly scripted, solidly acted, and impressively ambitious, X2: X-Men United is bigger and better than its predecessor -- and a benchmark for comic sequels in general."
The Fugitive,1993,96,101.933,Andrew Davis,"Harrison Ford, Tommy Lee Jones, Sela Ward, Julianne Moore", This 1993 box-office smash partly adheres to the 1960s TV series on which it is based and partly goes off...,"Exhilarating and intense, this high-impact chase thriller is a model of taut and efficient formula filmmaking, and it features Harrison Ford at his frantic best."
Black Panther,2018,97,119.301,Ryan Coogler,"Chadwick Boseman, Michael B. Jordan, Lupita Nyong'o, Danai Gurira"," ""Black Panther"" follows T'Challa who, after the events of ""Captain America: Civil War,"" returns home to the isolated, technologically advanced...",Black Panther elevates superhero cinema to thrilling new heights while telling one of the MCU's most absorbing stories -- and introducing some of its most fully realized characters.
Inception,2010,87,97.936,Christopher Nolan,"Leonardo DiCaprio, Ken Watanabe, Joseph Gordon-Levitt, Marion Cotillard"," Visionary filmmaker Christopher Nolan (Memento, The Dark Knight) writes and directs this psychological sci-fi action film about a thief who...","Smart, innovative, and thrilling, Inception is that rare summer blockbuster that succeeds viscerally as well as intellectually."
Braveheart,1995,77,81.942,Mel Gibson,"Mel Gibson, Sophie Marceau, Patrick McGoohan, Catherine McCormack"," Mel Gibson, long-time heartthrob of the silver screen, came into his own as a director with Braveheart, an account of...","Distractingly violent and historically dodgy, Mel Gibson's Braveheart justifies its epic length by delivering enough sweeping action, drama, and romance to match its ambition."
Minority Report,2002,90,97.346,Steven Spielberg,"Tom Cruise, Colin Farrell, Samantha Morton, Max von Sydow"," Based on a short story by the late Philip K. Dick, this science fiction-thriller reflects the writer's familiar preoccupation with...","Thought-provoking and visceral, Steven Spielberg successfully combines high concept ideas and high octane action in this fast and febrile sci-fi thriller."
Avengers: Endgame,2019,94,117.365,"Joe Russo, Anthony Russo","Robert Downey Jr., Mark Ruffalo, Scarlett Johansson, Chris Evans", The grave course of events set in motion by Thanos that wiped out half the universe and fractured the Avengers...,"Exciting, entertaining, and emotionally impactful, Avengers: Endgame does whatever it takes to deliver a satisfying finale to Marvel's epic Infinity Saga."
Dredd,2012,79,84.563,Pete Travis,"Karl Urban, Olivia Thirlby, Wood Harris, Lena Headey"," The future America is an irradiated waste land. On its East Coast, running from Boston to Washington DC, lies Mega...","Fueled by bombastic violence and impressive special effects, rooted in self-satire and deadpan humor, Dredd 3D does a remarkable job of capturing its source material's gritty spirit."
The Bourne Identity,2002,83,88.285,Doug Liman,"Matt Damon, Franka Potente, Chris Cooper, Clive Owen"," The best-selling suspense novel by late author Robert Ludlum comes to the screen for a second time, following a 1988...","Expertly blending genre formula with bursts of unexpected wit, The Bourne Identity is an action thriller that delivers -- and then some."
Ip Man,2010,85,77.821,Wilson Yip,"Donnie Yen, Hiroyuki Ikeuchi, Simon Yam, Xiong Dailin"," Wing Chun grandmaster Ip has an amazing wife, plenty of money, the most beautiful house in town, and a blossoming...","At once beholden to the established conventions of the genre and delightfully subversive of them, Ip Man is one of the most exciting -- and refreshingly character-driven -- martial arts films in years."
Face/Off,1997,92,97.199,John Woo,"John Travolta, Nicolas Cage, Joan Allen, Alessandro Nivola"," The third of John Woo's American-made feature films, Face/Off stars John Travolta as Sean Archer, an FBI agent obsessed with...","John Travolta and Nicolas Cage play cat-and-mouse (and literally play each other) against a beautifully stylized backdrop of typically elegant, over-the-top John Woo violence."
To Live and Die in L.A.,1985,91,92.946,"William Friedkin, William Freidkin","William L. Petersen, Willem Dafoe, John Pankow, Debra Feuer"," William Friedkin's crime thriller, based on a book by U.S. Secret Service agent Gerald Petievich, concerns an arrogant Secret Service...","With coke fiends, car chases, and Wang Chung galore, To Live and Die in L.A. is perhaps the ultimate '80s action/thriller."
The Dark Knight,2008,94,107.214,Christopher Nolan,"Christian Bale, Heath Ledger, Aaron Eckhart, Maggie Gyllenhaal"," Christopher Nolan steps back into the director's chair for this sequel to Batman Begins, which finds the titular superhero coming...","Dark, complex, and unforgettable, The Dark Knight succeeds not just as an entertaining comic book film, but as a richly thrilling crime saga."
Mission: Impossible Ghost Protocol,2011,93,100.563,Brad Bird,"Tom Cruise, Jeremy Renner, Simon Pegg, Paula Patton", This is not just another mission. The IMF is shut down when it's implicated in a global terrorist bombing plot....,"Stylish, fast-paced, and loaded with gripping set pieces, the fourth Mission: Impossible is big-budget popcorn entertainment that really works."
Fast Five,2011,77,82.955,Justin Lin,"Vin Diesel, Paul Walker, Jordana Brewster, Dwayne Johnson", Former cop Brian O'Conner (Paul Walker) partners with ex-con Dom Toretto (Vin Diesel) on the opposite side of the law....,"Sleek, loud, and over the top, Fast Five proudly embraces its brainless action thrills and injects new life into the franchise."
Lethal Weapon,1987,82,86.273,Richard Donner,"Mel Gibson, Danny Glover, Gary Busey, Darlene Love"," L.A. cop Martin Riggs (Mel Gibson), whose wife has recently died, is a loose cannon with a seeming death wish....","The most successful installment in a phenomenally successful series, Lethal Weapon helped redefine action movies for the 1980s and 1990s."
The Rock,1996,66,69.339,Michael Bay,"Sean Connery, Nicolas Cage, Ed Harris, Michael Biehn"," The sophomore film from former music video and commercial director Michael Bay, this fast-paced action yarn featured rapid-fire editing, a...","For visceral thrills, it can't be beat. Just don't expect The Rock to engage your brain."
RoboCop,1987,89,94.327,Paul Verhoeven,"Peter Weller, Nancy Allen, Ronny Cox, Kurtwood Smith"," In near-future Detroit, a murdered police officer is resurrected as an experimental crime-fighting cyborg named Robocop. Tormented by memories of...","While over-the-top and gory, Robocop is also a surprisingly smart sci-fi flick that uses ultraviolence to disguise its satire of American culture."
John Wick: Chapter 2,2017,89,100.331,Chad Stahelski,"Keanu Reeves, John Leguizamo, Bridget Moynahan, Thomas Sadoski"," In this next chapter following the 2014 hit, legendary hitman John Wick (Keanu Reeves) is forced back out of retirement...","John Wick: Chapter 2 does what a sequel should -- which in this case means doubling down on the non-stop, thrillingly choreographed action that made its predecessor so much fun."
Casino Royale,2006,95,103.905,Martin Campbell,"Daniel Craig, Eva Green, Mads Mikkelsen, Judi Dench"," James Bond's first 007 mission takes him to Madagascar, where he is to spy on a terrorist Mollaka. Not everything...","Casino Royale disposes of the silliness and gadgetry that plagued recent James Bond outings, and Daniel Craig delivers what fans and critics have been waiting for: a caustic, haunted, intense reinvention of 007."
Baby Driver,2017,93,109.162,Edgar Wright,"Ansel Elgort, Kevin Spacey, Lily James, Jon Bernthal"," A talented, young getaway driver (Ansel Elgort) relies on the beat of his personal soundtrack to be the best in...","Stylish, exciting, and fueled by a killer soundtrack, Baby Driver hits the road and it's gone -- proving fast-paced action movies can be smartly written without sacrificing thrills."
Fist of Legend (Jing wu ying xiong),1994,100,76.86,Gordon Chan,"Jet Li, Paul Chiang, Yasuaki Kurata, Shinobu Nakayama (II)"," Jet Li stars in this historical Hong Kong action film, as Chen Zhen, a Chinese student in Japan in the...",No consensus yet.
The Killer,1989,98,100.632,John Woo,"Yun-Fat Chow, Sally Yeh, Danny Lee, Kenneth Tsang"," Chow Yun-Fat, director John Woo's favorite actor, stars as a professional assassin. The moral outrages of his employers lead Yun-Fat,...",The Killer is another hard-boiled action flick from John Woo featuring eye-popping balletic violence and philosophical underpinnings.
The Raid 2,2014,80,86.313,Gareth Evans,"Iko Uwais, Yahan Ruhian, Arifin Putra, Oka Antara", He thought it was over. After fighting his way out of a building filled with gangsters and madmen - a...,"Although its high-energy plot and over-the-top violence may play better with genre aficionados, The Raid 2 definitely delivers more of everything audiences loved about its predecessor."
Enter the Dragon,1973,94,98.683,Robert Clouse,"Bruce Lee, John Saxon, Jim Kelly, Shih Kien"," One of the most popular kung fu films ever, and perhaps the peak of the famed Bruce Lee's career, Enter...","Badass to the max, Enter the Dragon is the ultimate kung-fu movie and fitting (if untimely) Bruce Lee swan song."
Commando,1985,71,73.035,Mark L. Lester,"Arnold Schwarzenegger, Alyssa Milano, Rae Dawn Chong, Dan Hedaya", Colonel Matrix (Arnold Schwarzenegger) is retired and living peaceably with his 10-year-old daughter (Alyssa Milano) when she is kidnapped by...,"The ultimate '80s Schwarzenegger movie, replete with a threadbare plot, outsized action, and endless one-liners."
First Blood,1982,87,90.892,Ted Kotcheff,"Sylvester Stallone, Richard Crenna, Brian Dennehy, David Caruso", A former Green Beret must use all of the guerrilla tactics he learned in Vietnam to save himself after he...,"Much darker and more sensitive than the sequels it spawned, First Blood is a thrilling survival adventure that takes full advantage of Sylvester Stallone's acting skills."
Mission: Impossible Rogue Nation,2015,93,105.201,Christopher McQuarrie,"Tom Cruise, Jeremy Renner, Ving Rhames, Simon Pegg"," With the IMF disbanded, and Ethan (Tom Cruise) out in the cold, the team now faces off against a network...",Mission: Impossible Rogue Nation continues the franchise's thrilling resurgence -- and proves that Tom Cruise remains an action star without equal.
The Terminator,1984,100,104.88,James Cameron,"Arnold Schwarzenegger, Linda Hamilton, Michael Biehn, Paul Winfield"," A Cyborg has been sent from the future on a deadly mission, it has been programmed to kill a young...","With its impressive action sequences, taut economic direction, and relentlessly fast pace, it's clear why The Terminator continues to be an influence on sci-fi and action flicks."
Gladiator,2000,76,83.2,Ridley Scott,"Russell Crowe, Joaquin Phoenix, Connie Nielsen, Oliver Reed"," A man robbed of his name and his dignity strives to win them back, and gain the freedom of his...",Ridley Scott and an excellent cast successfully convey the intensity of Roman gladitorial combat as well as the political intrigue brewing beneath.
Kill Bill: Volume 1,2003,85,91.872,Quentin Tarantino,"Uma Thurman, Lucy Liu, Vivica A. Fox, David Carradine", An entire wedding party is slaughtered during a dress rehearsal in a rural chapel: the pregnant woman in the blood-splattered...,Kill Bill is admittedly little more than a stylish revenge thriller -- albeit one that benefits from a wildly inventive surfeit of style.
Léon: The Professional,1994,73,76.842,Luc Besson,"Jean Reno, Gary Oldman, Natalie Portman, Danny Aiello"," As visually stylish as it is graphically violent, this thriller directed by Luc Besson concerns Mathilda (Natalie Portman), a 12-year-old...",Pivoting on the unusual relationship between seasoned hitman and his 12-year-old apprentice -- a breakout turn by young Natalie Portman -- Luc Besson's Léon is a stylish and oddly affecting thriller.
Speed,1994,94,97.919,Jan de Bont,"Keanu Reeves, Dennis Hopper, Sandra Bullock, Joe Morton"," If you don't think Speed is the fastest-moving adventure film ever made, we challenge you to find a faster one....","A terrific popcorn thriller, Speed is taut, tense, and energetic, with outstanding performances from Keanu Reeves, Dennis Hopper, and Sandra Bullock."
The Legend of Drunken Master (Jui kuen II) (Drunken Fist II),1994,83,87.764,"Lau Kar-Leung, Chia-Liang Liu, Liu Chia-Liang","Jackie Chan, Siu Tin Yuen, Jang Lee Hwang, Kau Lam", Jackie Chan returns in one of his greatest roles in this action-comedy sequel to his 1978 Hong Kong blockbuster Drunken...,Jackie Chan sends up some amazing and entertaining fight sequences in The Legend of Drunken Master.
John Wick,2014,86,94.217,"David Leitch, Chad Stahelski","Keanu Reeves, Michael Nyqvist, Alfie Allen, Adrianne Palicki", An ex-hitman comes out of retirement to track down the gangsters that took everything from him. With New York City...,"Stylish, thrilling, and giddily kinetic, John Wick serves as a satisfying return to action for Keanu Reeves -- and what looks like it could be the first of a franchise."
"Crouching Tiger, Hidden Dragon",2001,97,101.918,Ang Lee,"Yun-Fat Chow, Michelle Yeoh, Ziyi Zhang, Chen Chang", Taiwanese filmmaker Ang Lee took a break from making Western period dramas to fashion this wild and woolly martial arts...,"The movie that catapulted Ang Lee into the ranks of upper echelon Hollywood filmmakers, Crouching Tiger, Hidden Dragon features a deft mix of amazing martial arts battles, beautiful scenery, and tasteful drama."
Predator,1987,81,84.602,John McTiernan,"Arnold Schwarzenegger, Carl Weathers, Elpidia Carrillo, Bill Duke"," Dutch (Arnold Schwarzenegger) has a code of honor which he will not violate, even when his life depends on it....","Predator: Part sci-fi, part horror, part action -- all muscle."
The Bourne Ultimatum,2007,92,101.027,Paul Greengrass,"Matt Damon, Julia Stiles, David Strathairn, Scott Glenn", Jason Bourne (Matt Damon) races to solve the mystery of his past while being hunted by members of the very...,"The Bourne Ultimatum is an intelligent, finely tuned non-stop thrill ride. Another strong performance from Matt Damon and sharp camerawork from Paul Greengrass make this the finest installment of the Bourne trilogy."
Total Recall,1990,82,86.717,Paul Verhoeven,"Arnold Schwarzenegger, Rachel Ticotin, Sharon Stone, Ronny Cox"," In Paul Verhoeven's wild sci-fi action movie Total Recall, Arnold Schwarzenegger plays a 21st-century construction worker who discovers that his...","Under Paul Verhoeven's frenetic direction, Total Recall is a fast-paced rush of violence, gore, and humor that never slacks."
Mad Max 2: The Road Warrior,1982,95,98.783,George Miller,"Mel Gibson, Bruce Spence, Vernon Wells, Emil Minty", Director George Miller's follow-up to his own 1979 hit Mad Max is proof that not all sequels are inferior to...,"The Road Warrior is everything a bigger-budgeted Mad Max sequel with should be: bigger, faster, louder, but definitely not dumber."
Heat,1995,86,91.173,Michael Mann,"Al Pacino, Robert De Niro, Val Kilmer, Jon Voight"," A successful career criminal considers getting out of the business after one last score, while an obsessive cop desperately tries...","Though Al Pacino and Robert De Niro share but a handful of screen minutes together, Heat is an engrossing crime drama that draws compelling performances from its stars -- and confirms Michael Mann's mastery of the genre."
The Raid: Redemption,2012,86,91.686,Gareth Evans,"Iko Uwais, Joe Taslim, Doni Alamsyah, Yahan Ruhian"," As a rookie member of an elite special-forces team, Rama (Iko Uwais) is instructed to hang back during a covert...","No frills and all thrills, The Raid: Redemption is an inventive action film expertly paced and edited for maximum entertainment."
Mission: Impossible - Fallout,2018,97,115.583,Christopher McQuarrie,"Tom Cruise, Henry Cavill, Ving Rhames, Simon Pegg", The best intentions often come back to haunt you. MISSION: IMPOSSIBLE - FALLOUT finds Ethan Hunt (Tom Cruise) and his...,"Fast, sleek, and fun, Mission: Impossible - Fallout lives up to the ""impossible"" part of its name by setting yet another high mark for insane set pieces in a franchise full of them."
Raiders of the Lost Ark,1981,95,101.168,Steven Spielberg,"Harrison Ford, Karen Allen, Paul Freeman, Wolf Kahler"," Indiana Jones (Harrison Ford) is no ordinary archeologist. When we first see him, he is somewhere in the Peruvian jungle...","Featuring bravura set pieces, sly humor, and white-knuckle action, Raiders of the Lost Ark is one of the most consummately entertaining adventure pictures of all time."
Aliens,1986,97,104.095,James Cameron,"Sigourney Weaver, Carrie Henn, Michael Biehn, Paul Reiser"," Big-budget special effects, swiftly paced action, and a distinct feminist subtext from writer/director James Cameron turned what should have been...","While Alien was a marvel of slow-building, atmospheric tension, Aliens packs a much more visceral punch, and features a typically strong performance from Sigourney Weaver."
Lat sau san taam (Hard-Boiled),1992,94,96.042,John Woo,"Yun-Fat Chow, Tony Leung Chiu Wai, Anthony Wong, Teresa Mo"," Yun-Fat portrays a maverick, clarinet-playing cop nicknamed ""Tequila"" whose partner is killed in the dizzying chaos of a restaurant gunfight...","Boasting impactful action as well as surprising emotional resonance, Hard Boiled is a powerful thriller that hits hard in more ways than one."
The Matrix,1999,87,93.703,"Lilly Wachowski, Lana Wachowski","Keanu Reeves, Laurence Fishburne, Carrie-Anne Moss, Joe Pantoliano"," What if virtual reality wasn't just for fun, but was being used to imprison you? That's the dilemma that faces...","Thanks to the Wachowskis' imaginative vision, The Matrix is a smartly crafted combination of spectacular action and groundbreaking special effects."
Terminator 2: Judgment Day,1991,93,99.158,James Cameron,"Arnold Schwarzenegger, Linda Hamilton, Edward Furlong, Robert Patrick"," A sequel to the sci-fi action thriller that made him and star Arnold Schwarzenegger A-list Hollywood names, writer/director James Cameron...","T2 features thrilling action sequences and eye-popping visual effects, but what takes this sci-fi/ action landmark to the next level is the depth of the human (and cyborg) characters."
Die Hard,1988,93,98.793,John McTiernan,"Bruce Willis, Alan Rickman, Reginald VelJohnson, Bonnie Bedelia"," It's Christmas time in L.A., and there's an employee party in progress on the 30th floor of the Nakatomi Corporation...",Its many imitators (and sequels) have never come close to matching the taut thrills of the definitive holiday action classic.
Mad Max: Fury Road,2015,97,113.363,George Miller,"Tom Hardy, Charlize Theron, Nicholas Hoult, Rosie Huntington-Whiteley"," Filmmaker George Miller gears up for another post-apocalyptic action adventure with Fury Road, the fourth outing in the Mad Max...","With exhilarating action and a surprising amount of narrative heft, Mad Max: Fury Road brings George Miller's post-apocalyptic franchise roaring vigorously back to life."
